{"mean_pitch": [166.35569763183594, 50.2285041809082], "std_pitch": [28.150461196899414, 12.998950004577637], "mean_energy": [0.1212499812245369, 0.033803604543209076], "std_energy": [0.0933549553155899, 0.024853786453604698], "mean_duration": [1.417181324063708, 0.3717550478609409], "std_duration": [0.9026830676267007, 0.09262743799230512], "mean_dvec": [-0.003188301809132099, 0.0046525378711521626], "std_dvec": [0.05742684751749039, 0.0044458359479904175]}