{"mean_pitch": [166.35569763183594, 50.2285041809082], "std_pitch": [28.150461196899414, 12.998950004577637], "mean_energy": [0.15, 0.06], "std_energy": [0.12, 0.03], "mean_duration": [3.37, 0.70], "std_duration": [1.09, 0.39], "mean_dvec": [-0.003188301809132099, 0.0046525378711521626], "std_dvec": [0.05742684751749039, 0.0044458359479904175]}